[{
    "fase": "oitavas",
    "jogo": 1,
    "chave": 1,  
    "data": "14/02",  
    "mandante": "PSG",
    "gols_mandante": "4",
    "gols_visitante": "0",
    "visitante": "BARCELONA",   
    "estadio": "PRINCES PARK",
    "vencedor": "PSG",
    "perdedor": "BARCELONA",
    "imagem":"https://thumbs.dreamstime.com/z/psg-new-soccer-football-logo-template-official-badge-sign-new-soccer-football-logo-template-official-134854068.jpg?w=768",
    "imagem1":"https://logodetimes.com/wp-content/uploads/barcelona.png"
},
{
    "fase": "oitavas",
    "jogo": 1,
    "chave": 1,  
    "data": "14/02",  
    "mandante": "BENFICA",
    "gols_mandante": "1",
    "gols_visitante": "0",
    "visitante": "BORUSSIA",   
    "estadio": "ESTÁDIO DA LUZ",
    "vencedor": "BENFICA",
    "perdedor": "BORUSSIA",
    "imagem":"https://logodetimes.com/wp-content/uploads/benfica.png",
    "imagem1 ":"https://logodetimes.com/wp-content/uploads/borussia-dortmund.png"
    
},
{
    "fase": "oitavas",
    "jogo": 1,
    "chave": 1,  
    "data": "15/02",  
    "mandante": "BAYERN",
    "gols_mandante": "5",
    "gols_visitante": "1",
    "visitante": "ARSENAL",   
    "estadio": "ALLIANZ ARENA",
    "vencedor": "BAYERN",
    "perdedor": "ARSENAL",
    "imagem":"https://upload.wikimedia.org/wikipedia/commons/thumb/1/1b/FC_Bayern_M%C3%BCnchen_logo_%282017%29.svg/640px-FC_Bayern_M%C3%BCnchen_logo_%282017%29.svg.png",
    "imagem1":"https://thumbs.dreamstime.com/z/england-football-club-emblem-transparent-background-vector-illustration-arsenal-fc-227686842.jpg?w=768"
},
{
    "fase": "oitavas",
    "jogo": 1,
    "chave": 1,  
    "data": "15/02",  
    "mandante": "REAL MADRID",
    "gols_mandante": "3",
    "gols_visitante": "1",
    "visitante": "NAPOLI",   
    "estadio": "SANTIAGO BERNABEU",
    "vencedor": "REAL MADRID",
    "perdedor": "NAPOLI",
    "imagem":"https://logodownload.org/wp-content/uploads/2016/03/Real-Madrid-logo-4.jpg",
    "imagem1":"https://logowik.com/content/uploads/images/ssc-napoli3874.logowik.com.webp"
},
{
    "fase": "oitavas",
    "jogo": 1,
    "chave": 1,  
    "data": "21/02",  
    "mandante": "BAYER LEVERKUSEN",
    "gols_mandante": "2",
    "gols_visitante": "4",
    "visitante": "ATLETICO DE MADRID",   
    "estadio": "BAYARENA",
    "vencedor": "ATLETICO DE MADRID",
    "perdedor": "BAYER LEVERKUSEN",
    "imagem":"https://logodetimes.com/wp-content/uploads/bayer-04-leverkusen.png",
    "imagem1":"https://logodetimes.com/wp-content/uploads/atletico-madrid.png"
},
{
    "fase": "oitavas",
    "jogo": 1,
    "chave": 1,  
    "data": "21/02",  
    "mandante": "MANCHESTER CITY",
    "gols_mandante": "5",
    "gols_visitante": "3",
    "visitante": "MÔNACO",   
    "estadio": "ETIHAD STADIUM",
    "vencedor": "MANCHESTER CITY",
    "perdedor": "MÔNACO",
    "imagem":"https://logodetimes.com/wp-content/uploads/manchester-city-football-club.png",
    "imagem1":"https://logodetimes.com/wp-content/uploads/as-monaco.png"
},
{
    "fase": "oitavas",
    "jogo": 1,
    "chave": 1,  
    "data": "22/02",  
    "mandante": "SEVILLA",
    "gols_mandante": "2",
    "gols_visitante": "1",
    "visitante": "LEICESTER CITY",   
    "estadio": "RAMÓN SÁNCHEZ PIZJUÁN",
    "vencedor": "SEVILLA",
    "perdedor": "LEICESTER CITY",
    "imagem":"https://logodetimes.com/wp-content/uploads/sevilla.png",
    "imagem1":"https://logodetimes.com/wp-content/uploads/leicester-city-football-club.png"
},
{
    "fase": "oitavas",
    "jogo": 1,
    "chave": 1,  
    "data": "22/02",  
    "mandante": "PORTO",
    "gols_mandante": "0",
    "gols_visitante": "2",
    "visitante": "JUVENTUS",   
    "estadio": "ESTÁDIO DO DRAGÃO",
    "vencedor": "PORTO",
    "perdedor": "JUVENTUS",
    "imagem":"https://logodetimes.com/wp-content/uploads/porto.png",
    "imagem1":"https://logodetimes.com/wp-content/uploads/juventus-football-club.png"
},
{
    "fase": "oitavas",
    "jogo": 2,
    "chave": 1,  
    "data": "08/03",  
    "mandante": "BARCELONA",
    "gols_mandante": "6",
    "gols_visitante": "1",
    "visitante": "PSG",   
    "estadio": "CAMP NOU",
    "vencedor": "BARCELONA",
    "perdedor": "PSG",
    "imagem":"https://logodetimes.com/wp-content/uploads/barcelona.png",
    "imagem1":"https://thumbs.dreamstime.com/z/psg-new-soccer-football-logo-template-official-badge-sign-new-soccer-football-logo-template-official-134854068.jpg?w=768"
},
{
    "fase": "oitavas",
    "jogo": 2,
    "chave": 1,  
    "data": "08/03",  
    "mandante": "BORUSSIA",
    "gols_mandante": "4",
    "gols_visitante": "0",
    "visitante": "BENFICA",   
    "estadio": "SIGNAL IDUNAL PARK",
    "vencedor": "BORUSSIA",
    "perdedor": "BENFICA",
    "imagem":"https://logodetimes.com/wp-content/uploads/borussia-dortmund.png",
    "imagem1 ":"https://logodetimes.com/wp-content/uploads/benfica.png"
},
{
    "fase": "oitavas",
    "jogo": 2,
    "chave": 1,  
    "data": "07/03",  
    "mandante": "ARSENAL",
    "gols_mandante": "1",
    "gols_visitante": "5",
    "visitante": "BAYERN",   
    "estadio": "ESTADIO EMIRATES",
    "vencedor": "BAYERN",
    "perdedor": "ARSENAL",
    "imagem":"https://thumbs.dreamstime.com/z/england-football-club-emblem-transparent-background-vector-illustration-arsenal-fc-227686842.jpg?w=768",
    "imagem1":"https://upload.wikimedia.org/wikipedia/commons/thumb/1/1b/FC_Bayern_M%C3%BCnchen_logo_%282017%29.svg/640px-FC_Bayern_M%C3%BCnchen_logo_%282017%29.svg.png"
},
{
    "fase": "oitavas",
    "jogo": 2,
    "chave": 1,  
    "data": "07/03",  
    "mandante": "REAL MADRID",
    "gols_mandante": "1",
    "gols_visitante": "3",
    "visitante": "NAPOLI",   
    "estadio": "STADIO DIEGO ARMANDO MARADONA",
    "vencedor": "REAL MADRID",
    "perdedor": "NAPOLI",
    "imagem":"https://logodownload.org/wp-content/uploads/2016/03/Real-Madrid-logo-4.jpg",
    "imagem1":"https://logowik.com/content/uploads/images/ssc-napoli3874.logowik.com.webp"
},
{
    "fase": "oitavas",
    "jogo": 2,
    "chave": 1,  
    "data": "15/03",  
    "mandante": "ATLETICO DE MADRID",
    "gols_mandante": "0",
    "gols_visitante": "0",
    "visitante": "BAYER LEVERKUSEN",   
    "estadio": "CÍVITAS METROPOLITANO",
    "vencedor": "ATLETICO DE MADRID",
    "imagem":"https://logodetimes.com/wp-content/uploads/atletico-madrid.png",
    "imagem1":"https://logodetimes.com/wp-content/uploads/bayer-04-leverkusen.png"
},
{
    "fase": "oitavas",
    "jogo": 2,
    "chave": 1,  
    "data": "15/03",  
    "mandante": "MÔNACO",
    "gols_mandante": "3",
    "gols_visitante": "1",
    "visitante": "MANCHESTER CITY",   
    "estadio": "ESTADIO LUIS II",
    "vencedor": "MÔNACO",
    "perdedor": "MANCHESTER CITY",
    "imagem":"https://logodetimes.com/wp-content/uploads/as-monaco.png",
    "imagem1":"https://logodetimes.com/wp-content/uploads/manchester-city-football-club.png"
},
{
    "fase": "oitavas",
    "jogo": 2,
    "chave": 1,  
    "data": "14/03",  
    "mandante": "LEICESTER CITY",
    "gols_mandante": "2",
    "gols_visitante": "0",
    "visitante": "SEVILLA",   
    "estadio": "KING POWER STADIUM",
    "vencedor": "LEICESTER CITY",
    "perdedor": "SEVILLA",
    "imagem":"https://logodetimes.com/wp-content/uploads/leicester-city-football-club.png",
    "imagem1":"https://logodetimes.com/wp-content/uploads/sevilla.png"
},
{
    "fase": "oitavas",
    "jogo": 2,
    "chave": 1,  
    "data": "14/03",  
    "mandante": "JUVENTUS",
    "gols_mandante": "1",
    "gols_visitante": "0",
    "visitante": "PORTO",   
    "estadio": "JUVENTUS STADIUM",
    "vencedor": "JUVENTUS",
    "perdedor": "PORTO",
    "imagem":"https://logodetimes.com/wp-content/uploads/juventus-football-club.png",
    "imagem1":"https://logodetimes.com/wp-content/uploads/porto.png"
}
]
