[
{	"fase":"Quartas de final",
	"jogo":1,
	"data": "11/04/17",
  	"mandante": "JUVENTUS",
 	"gols_mandante": "3",
  	"gols_visitante": "0",
  	"visitante": "BARCELONA",
 	"vencedor": "JUVENTUS",
 	"perdedor": "BARCELONA",
	"estadio":"Juventus Stadium",
	"imagem": "https://logodetimes.com/wp-content/uploads/juventus-football-club.png",
	"imagem1":"https://logodetimes.com/wp-content/uploads/barcelona.png"
},
{	"fase":"Quartas de final",
	"jogo":1,
	"data": "12/04/17",
  	"mandante": "BAYER DE MUNIQUE",
 	"gols_mandante": "1",
  	"gols_visitante": "2",
  	"visitante": "REAL MADRID",
 	"vencedor": "REAL MADRID",
 	"perdedor": "BAYER DE MUNIQUE",
	"estadio": "Allianz Arena",
	"imagem": "https://upload.wikimedia.org/wikipedia/commons/thumb/1/1b/FC_Bayern_M%C3%BCnchen_logo_%282017%29.svg/640px-FC_Bayern_M%C3%BCnchen_logo_%282017%29.svg.png",
	"imagem1":"https://logodownload.org/wp-content/uploads/2016/03/Real-Madrid-logo-4.jpg"
},
{	"fase":"Quartas de final",
	"jogo":1,
	"data": "12/04/17",
  	"mandante": "BORUSSIA DORTMUND",
 	"gols_mandante": "2",
  	"gols_visitante": "3",
  	"visitante": "MONACO",
 	"vencedor": "MONACO",
 	"perdedor": "BORUSSIA",
	"estadio":"Signal Iduna Park",
	"imagem": "https://logodetimes.com/wp-content/uploads/borussia-dortmund.png",
	"imagem1":"https://logodetimes.com/wp-content/uploads/as-monaco.png"
},
{	"fase":"Quartas de final",
	"jogo":1,
	"data": "12/04/17",
  	"mandante": "ATLETICO DE MADRID",
 	"gols_mandante": "1",
  	"gols_visitante": "0",
  	"visitante": "LEICESTER CITY",
 	"vencedor": "ATLETICO DE MADRID",
 	"perdedor": "LEICESTER CITY",
	"estadio":"C�vitas Metropolitano",
	"imagem": "https://logodetimes.com/wp-content/uploads/atletico-madrid.png",
	"imagem1":""
},
{	"fase":"Quartas de final",
	"jogo":2,
	"data": "19/04/17",
  	"mandante": "BARCELONA",
 	"gols_mandante": "0",
  	"gols_visitante": "0",
  	"visitante": "JUVENTOS",
 	"vencedor": "JUVENTUS",
 	"perdedor": "BARCELONA",
	"estadio":"CAMP NOU",
	"imagem": "https://logodetimes.com/wp-content/uploads/barcelona.png",
	"imagem1":"https://logodetimes.com/wp-content/uploads/juventus-football-club.png"
},
{	"fase":"Quartas de final",
	"jogo":2,
	"data": "18/04/17",
  	"mandante": "REAL MADRID",
 	"gols_mandante": "4",
  	"gols_visitante": "2",
  	"visitante": "BAYERN DE MUNIQUE",
 	"vencedor": "REAL MADRID",
 	"perdedor": "BAYER DE MUNIQUE",
	"estadio": "SANTIAGO BERNABEU",
	"imagem": "https://logodownload.org/wp-content/uploads/2016/03/Real-Madrid-logo-4.jpg",
	"imagem1":"https://upload.wikimedia.org/wikipedia/commons/thumb/1/1b/FC_Bayern_M%C3%BCnchen_logo_%282017%29.svg/640px-FC_Bayern_M%C3%BCnchen_logo_%282017%29.svg.png"
},
{	"fase":"Quartas de final",
	"jogo":2,
	"data": "19/04/17",
  	"mandante": "MONACO",
 	"gols_mandante": "3",
  	"gols_visitante": "1",
  	"visitante": "BORUSSIA DORTMUND",
 	"vencedor": "MONACO",
 	"perdedor": "BORUSSIA",
	"estadio":"ESTADIO LUIS II",
	"imagem": "https://logodetimes.com/wp-content/uploads/as-monaco.png",
	"imagem1":"https://logodetimes.com/wp-content/uploads/borussia-dortmund.png"
},
{	"fase":"Quartas de final",
	"jogo":2,
	"data": "18/04/17",
  	"mandante": "LEICESTER CITY",
 	"gols_mandante": "1",
  	"gols_visitante": "1",
  	"visitante": "ATLETICO DE MADID",
 	"vencedor": "ATLETICO DE MADRID",
 	"perdedor": "LEICESTER CITY",
	"estadio":"KING POWER STADIUM",
	"imagem": "https://logodetimes.com/wp-content/uploads/leicester-city-football-club.png",
	"imagem1":"https://logodetimes.com/wp-content/uploads/atletico-madrid.png"
}
]